model,quant,engine,context_tokens,n_gen,prefill_tok_s,decode_tok_s,ttft_s,kv_cache_type,rope_scale,peak_mem_gb,avg_cpu_pct,peak_cpu_pct,sys_peak_mem_gb,prompt_mode,needle_retrieved,timestamp
qwen3.8-27b,4bit,llama.cpp,512,128,950.195496,45.256489,,q4_0,1.0,15.3,15.9,75.9,41.21,throughput_only,,2026-09-28T20:01:47
qwen3.8-27b,4bit,llama.cpp,2048,128,938.395056,44.933719,,q4_0,1.0,15.51,10.6,99.2,40.79,throughput_only,,2026-09-28T20:02:16
qwen3.8-27b,8bit,llama.cpp,512,128,995.323866,31.571391,,q4_0,1.0,26.86,15.3,82.8,60.63,throughput_only,,2026-09-28T20:02:44
qwen3.8-27b,8bit,llama.cpp,2048,128,976.792333,31.518795,,q4_0,1.0,27.23,10.8,101.2,61.38,throughput_only,,2026-09-28T20:03:19
qwen3.8-27b,4bit,llama.cpp,8192,128,877.353647,44.630923,,q4_0,1.0,15.54,5.9,99.6,54.28,throughput_only,,2026-09-28T20:04:46
qwen3.8-27b,4bit,llama.cpp,32768,128,695.449553,44.953396,,q4_0,1.0,16.02,3.2,97.2,55.66,throughput_only,,2026-09-28T20:09:44
qwen3.8-27b,8bit,llama.cpp,8192,128,914.102405,31.352824,,q4_0,1.0,27.23,6.5,101.3,68.35,throughput_only,,2026-09-28T20:11:00
qwen3.8-27b,8bit,llama.cpp,32768,128,718.893717,31.480048,,q4_0,1.0,27.64,3.4,101.1,69.16,throughput_only,,2026-09-28T20:15:56
deepseek-v4-flash,4bit,llama.cpp,512,128,712.132174,33.808186,,q4_0,1.0,142.55,27.5,90.1,165.96,throughput_only,,2026-09-28T20:19:02
deepseek-v4-flash,4bit,llama.cpp,8192,128,572.616768,33.623482,,q4_0,1.0,144.73,12.1,101.3,168.79,throughput_only,,2026-09-28T20:20:55
qwen3.8-27b,4bit,llama.cpp,65536,128,536.665668,45.225961,,q4_0,1.0,16.44,2.6,72.5,87.33,throughput_only,,2026-09-28T20:33:39
qwen3.8-27b,4bit,llama.cpp,131072,128,366.127939,44.790706,,q4_0,1.0,17.9,2.3,95.7,73.27,throughput_only,,2026-09-28T21:09:42
qwen3.8-27b,8bit,llama.cpp,65536,128,546.095673,31.427353,,q4_0,1.0,27.92,2.7,79.5,77.84,throughput_only,,2026-09-28T21:22:08
qwen3.8-27b,4bit,llama.cpp,0,128,,45.243762,,q4_0,1.0,15.36,27.5,90.9,63.55,throughput_only,,2026-09-28T21:27:07
qwen3.8-27b,4bit,llama.cpp,4096,128,917.16393,45.205487,,q4_0,1.0,15.51,10.2,91.5,63.91,throughput_only,,2026-09-28T21:27:19
qwen3.8-27b,4bit,llama.cpp,8192,128,879.252695,45.314717,,q4_0,1.0,15.54,6.8,89.2,63.55,throughput_only,,2026-09-28T21:27:42
qwen3.8-27b,4bit,llama.cpp,16384,128,809.190367,45.236515,,q4_0,1.0,15.7,4.8,94.8,63.77,throughput_only,,2026-09-28T21:28:26
qwen3.8-27b,4bit,llama.cpp,32768,128,693.57648,45.244311,,q4_0,1.0,16.01,3.5,93.4,64.72,throughput_only,,2026-09-28T21:30:04
qwen3.8-27b,4bit,llama.cpp,65536,128,532.130736,45.180846,,q4_0,1.0,16.65,2.7,91.7,64.15,throughput_only,,2026-09-28T21:34:14
qwen3.8-27b,4bit,llama.cpp,131072,128,367.359287,45.164663,,q4_0,1.0,17.9,2.3,93.5,64.36,throughput_only,,2026-09-28T21:46:15
qwen3.8-27b,4bit,mlx-lm,0,128,828.496,34.249,,q4_0,1.0,14.92,14.9,137.3,62.68,throughput_only,,2026-09-28T22:27:29
qwen3.8-27b,4bit,mlx-lm,4096,128,831.099,34.397,,q4_0,1.0,14.95,16.0,345.0,62.83,throughput_only,,2026-09-28T22:28:53
qwen3.8-27b,4bit,mlx-lm,8192,128,402.851,4.349,,q4_0,1.0,14.94,8.8,380.0,169.2,throughput_only,,2026-09-28T22:32:11
qwen3.8-27b,4bit,mlx-lm,16384,128,273.679,4.673,,q4_0,1.0,14.98,7.0,175.3,179.26,throughput_only,,2026-09-28T22:36:47
qwen3.8-27b,4bit,mlx-lm,32768,128,542.716,33.491,,q4_0,1.0,14.94,13.1,415.2,172.02,throughput_only,,2026-09-28T22:38:57
qwen3.8-27b,4bit,mlx-lm,65536,128,743.833,32.131,,q4_0,1.0,14.96,14.8,389.6,59.72,throughput_only,,2026-09-28T22:40:46
qwen3.8-27b,4bit,mlx-lm,131072,128,324.604,22.409,,q4_0,1.0,14.93,7.9,402.7,113.54,throughput_only,,2026-09-28T22:48:45
qwen3.8-27b,4bit,mlx-lm,262144,128,245.482,13.607,,q4_0,2.0,14.95,8.1,384.1,86.6,throughput_only,,2026-09-28T23:09:53
qwen3.8-27b,8bit,llama.cpp,0,128,,31.320197,,q4_0,1.0,26.83,31.0,74.2,56.95,throughput_only,,2026-09-28T23:10:02
qwen3.8-27b,8bit,llama.cpp,4096,128,957.882864,31.333076,,q4_0,1.0,27.26,13.3,99.5,57.35,throughput_only,,2026-09-28T23:10:16
qwen3.8-27b,8bit,llama.cpp,8192,128,916.186828,31.316871,,q4_0,1.0,27.24,9.0,100.7,57.97,throughput_only,,2026-09-28T23:10:40
qwen3.8-27b,8bit,llama.cpp,16384,128,839.881571,31.321431,,q4_0,1.0,27.34,5.9,100.4,58.31,throughput_only,,2026-09-28T23:11:24
qwen3.8-27b,8bit,llama.cpp,32768,128,713.090413,31.339084,,q4_0,1.0,27.65,4.0,101.0,58.45,throughput_only,,2026-09-28T23:13:02
qwen3.8-27b,8bit,llama.cpp,65536,128,546.202343,31.353615,,q4_0,1.0,28.28,2.7,101.2,59.43,throughput_only,,2026-09-28T23:17:07
qwen3.8-27b,8bit,llama.cpp,131072,128,369.018507,31.289918,,q4_0,1.0,29.54,2.2,101.5,64.36,throughput_only,,2026-09-28T23:29:04
qwen3.8-27b,8bit,llama.cpp,262144,128,220.633021,31.44804,,q4_0,2.0,32.05,2.0,101.5,69.42,throughput_only,,2026-09-29T00:08:45
qwen3.8-27b,8bit,mlx-lm,0,128,750.707,23.538,,q4_0,1.0,27.48,14.6,158.1,88.89,throughput_only,,2026-09-29T00:10:30
qwen3.8-27b,8bit,mlx-lm,4096,128,750.554,23.511,,q4_0,1.0,27.45,16.0,584.3,89.21,throughput_only,,2026-09-29T00:12:13
qwen3.8-27b,8bit,mlx-lm,8192,128,750.364,23.493,,q4_0,1.0,27.45,16.0,584.8,88.74,throughput_only,,2026-09-29T00:13:55
qwen3.8-27b,8bit,mlx-lm,16384,128,750.717,23.521,,q4_0,1.0,27.49,15.8,567.8,89.24,throughput_only,,2026-09-29T00:15:38
qwen3.8-27b,8bit,mlx-lm,32768,128,749.794,23.525,,q4_0,1.0,27.45,16.2,577.0,89.13,throughput_only,,2026-09-29T00:17:21
qwen3.8-27b,8bit,mlx-lm,65536,128,717.878,23.067,,q4_0,1.0,27.45,15.1,584.2,89.84,throughput_only,,2026-09-29T00:19:15
qwen3.8-27b,8bit,mlx-lm,131072,128,433.074,17.538,,q4_0,1.0,27.49,9.7,571.2,99.73,throughput_only,,2026-09-29T00:25:19
qwen3.8-27b,8bit,mlx-lm,262144,128,243.377,11.571,,q4_0,2.0,27.53,8.0,568.4,119.79,throughput_only,,2026-09-29T00:46:40
deepseek-v4-flash,4bit,llama.cpp,0,128,,33.521824,,q4_0,1.0,142.35,32.5,92.7,170.84,throughput_only,,2026-09-29T00:47:15
deepseek-v4-flash,4bit,llama.cpp,4096,128,595.2213,33.389027,,q4_0,1.0,144.74,23.1,101.8,170.93,throughput_only,,2026-09-29T00:47:49
deepseek-v4-flash,4bit,llama.cpp,8192,128,575.778566,33.502351,,q4_0,1.0,144.75,19.9,101.6,170.95,throughput_only,,2026-09-29T00:48:28
deepseek-v4-flash,4bit,llama.cpp,16384,128,560.618677,33.28354,,q4_0,1.0,144.77,11.3,101.8,170.97,throughput_only,,2026-09-29T00:49:48
deepseek-v4-flash,4bit,llama.cpp,32768,128,542.480431,33.393162,,q4_0,1.0,144.82,8.1,101.6,171.27,throughput_only,,2026-09-29T00:52:00
deepseek-v4-flash,4bit,llama.cpp,65536,128,515.979251,33.404037,,q4_0,1.0,144.91,5.2,101.8,171.9,throughput_only,,2026-09-29T00:56:28
deepseek-v4-flash,4bit,llama.cpp,131072,128,470.28694,33.489459,,q4_0,1.0,145.11,4.0,101.3,171.6,throughput_only,,2026-09-29T01:06:08
deepseek-v4-flash,4bit,llama.cpp,262144,128,400.435613,33.476256,,q4_0,2.0,145.48,3.5,101.7,172.17,throughput_only,,2026-09-29T01:28:08
